id,name,model_id:id,group_id:id,perm_read,perm_write,perm_create,perm_unlink
access_pos_gift_coupon_user,pos.gift.coupon.user,pos_orders_all.model_pos_gift_coupon,point_of_sale.group_pos_user,1,1,1,0
access_pos_gift_coupon_manager,pos.gift.coupon.manager,pos_orders_all.model_pos_gift_coupon,point_of_sale.group_pos_manager,1,1,1,1
access_pos_coupons_setting_user,pos.coupons.setting.user,pos_orders_all.model_pos_coupons_setting,point_of_sale.group_pos_user,1,1,1,0
access_pos_custom_discount_user,pos.custom.discount.user,pos_orders_all.model_pos_custom_discount,point_of_sale.group_pos_user,1,1,1,0
access_pos_coupons_setting_manager,pos.coupons.setting.manager,pos_orders_all.model_pos_coupons_setting,point_of_sale.group_pos_manager,1,1,1,1
access_pos_create_sales_order,access_pos_create_sales_order,pos_orders_all.model_pos_create_sales_order,base.group_user,1,1,1,1

